{
    "timestamp": {
        "min": [
            0.0
        ],
        "max": [
            9.833333333333334
        ],
        "mean": [
            3.053712409521677
        ],
        "std": [
            1.8965325319316955
        ],
        "count": [
            8934
        ],
        "q01": [
            0.03895953753278737
        ],
        "q10": [
            0.5962943718320662
        ],
        "q50": [
            3.045860887246969
        ],
        "q90": [
            5.506608963739754
        ],
        "q99": [
            6.068465281510568
        ]
    },
    "index": {
        "min": [
            0
        ],
        "max": [
            8933
        ],
        "mean": [
            4466.5
        ],
        "std": [
            2579.023636314073
        ],
        "count": [
            8934
        ],
        "q01": [
            4376.057413843197
        ],
        "q10": [
            4392.777458871645
        ],
        "q50": [
            4466.268162726662
        ],
        "q90": [
            4540.086896624212
        ],
        "q99": [
            4556.942586156803
        ]
    },
    "observation.images.front": {
        "min": [
            [
                [
                    0.0
                ]
            ],
            [
                [
                    0.0
                ]
            ],
            [
                [
                    0.0
                ]
            ]
        ],
        "max": [
            [
                [
                    1.0
                ]
            ],
            [
                [
                    1.0
                ]
            ],
            [
                [
                    1.0
                ]
            ]
        ],
        "mean": [
            [
                [
                    0.6787453701797386
                ]
            ],
            [
                [
                    0.6747030197712418
                ]
            ],
            [
                [
                    0.6679505324754903
                ]
            ]
        ],
        "std": [
            [
                [
                    0.004658219671427977
                ]
            ],
            [
                [
                    0.004850546967861238
                ]
            ],
            [
                [
                    0.004560316301968442
                ]
            ]
        ],
        "count": [
            5000
        ],
        "q01": [
            [
                [
                    0.04801435311556317
                ]
            ],
            [
                [
                    0.04369665438483599
                ]
            ],
            [
                [
                    0.05625584002280832
                ]
            ]
        ],
        "q10": [
            [
                [
                    0.2077815915001755
                ]
            ],
            [
                [
                    0.2077719858786956
                ]
            ],
            [
                [
                    0.2227590067589766
                ]
            ]
        ],
        "q50": [
            [
                [
                    0.7803186191057688
                ]
            ],
            [
                [
                    0.7788190789781987
                ]
            ],
            [
                [
                    0.7716285706023501
                ]
            ]
        ],
        "q90": [
            [
                [
                    0.8137986087266165
                ]
            ],
            [
                [
                    0.8151287458939555
                ]
            ],
            [
                [
                    0.8064029634909305
                ]
            ]
        ],
        "q99": [
            [
                [
                    0.8845193069324605
                ]
            ],
            [
                [
                    0.8845826562427869
                ]
            ],
            [
                [
                    0.8787784111384702
                ]
            ]
        ]
    },
    "action": {
        "min": [
            -20.248737335205078,
            -99.0,
            -19.799726486206055,
            51.39103698730469,
            -11.28990364074707,
            20.29169273376465
        ],
        "max": [
            27.32219123840332,
            34.08333206176758,
            97.36003875732422,
            96.29057312011719,
            20.477550506591797,
            54.026634216308594
        ],
        "mean": [
            6.879121104088943,
            -43.76440060408237,
            50.547493495902735,
            73.6449898565432,
            6.513509778013586,
            27.4580517748151
        ],
        "std": [
            7.6897086476779055,
            36.16833092018959,
            29.48376832745548,
            8.202999108975169,
            3.937366026031947,
            10.07710130053479
        ],
        "count": [
            8934
        ],
        "q01": [
            -3.61362592686699,
            -91.62266574127736,
            23.210161240810265,
            62.981997677741084,
            2.884212791780199,
            20.489227704118758
        ],
        "q10": [
            -2.289542152084841,
            -89.76946082075068,
            23.837573076765988,
            63.73520384146321,
            3.121592624927451,
            20.5207778955566
        ],
        "q50": [
            9.034867236056286,
            -37.442688513554835,
            41.288339016684894,
            72.82539572760031,
            6.738444565739806,
            21.07230171957322
        ],
        "q90": [
            13.974609301300564,
            0.7591210665961518,
            90.74620664168573,
            83.53083308110536,
            9.694601638103412,
            45.19504812977046
        ],
        "q99": [
            14.439607928129472,
            4.341894340781469,
            91.81187945072655,
            83.92529754221891,
            10.282911370085744,
            46.39146709404013
        ]
    },
    "task_index": {
        "min": [
            0
        ],
        "max": [
            0
        ],
        "mean": [
            0.0
        ],
        "std": [
            0.0
        ],
        "count": [
            8934
        ],
        "q01": [
            3.999999999999418e-16
        ],
        "q10": [
            3.9999999999994166e-15
        ],
        "q50": [
            1.9999999999997088e-14
        ],
        "q90": [
            3.5999999999994754e-14
        ],
        "q99": [
            3.959999999999424e-14
        ]
    },
    "observation.state": {
        "min": [
            -19.16537857055664,
            -98.99665832519531,
            -15.817694664001465,
            52.380950927734375,
            -10.931385040283203,
            18.370695114135742
        ],
        "max": [
            26.120555877685547,
            34.698997497558594,
            99.1063461303711,
            95.40518188476562,
            20.010435104370117,
            52.81574630737305
        ],
        "mean": [
            6.74158322242701,
            -43.70463297877878,
            53.36854507407006,
            73.23516478238555,
            6.578787866443602,
            31.216998881452536
        ],
        "std": [
            7.2668436162497025,
            37.556475499215125,
            27.943020774257892,
            7.752315151896891,
            3.9153200186819546,
            8.177303921584036
        ],
        "count": [
            8934
        ],
        "q01": [
            -2.594284777245871,
            -91.55524014585943,
            27.17915674693137,
            63.441486814892166,
            3.161486233422181,
            21.749174350374965
        ],