{
    "frame_index": {
        "min": [
            0
        ],
        "max": [
            383
        ],
        "mean": [
            127.39151227745853
        ],
        "std": [
            77.65072755349424
        ],
        "count": [
            24883
        ],
        "q01": [
            2.0612130033176035
        ],
        "q10": [
            25.056807434714482
        ],
        "q50": [
            127.16687392195458
        ],
        "q90": [
            229.63854577832242
        ],
        "q99": [
            252.7140798690852
        ]
    },
    "observation.state": {
        "min": [
            -23.02936553955078,
            -98.99665832519531,
            -30.3842716217041,
            49.958229064941406,
            -19.332115173339844,
            18.2066707611084
        ],
        "max": [
            27.588871002197266,
            35.869564056396484,
            99.19570922851562,
            97.7443618774414,
            40.98617172241211,
            58.2832145690918
        ],
        "mean": [
            3.4831138410475733,
            -22.94737049771847,
            34.734855101259285,
            76.1552258475304,
            5.094639750070052,
            34.344119518807275
        ],
        "std": [
            8.801728890969235,
            43.03511778596885,
            36.14940577818937,
            8.55103478252724,
            8.861545817640833,
            8.229105682391356
        ],
        "count": [
            24883
        ],
        "q01": [
            -7.3712218052956135,
            -94.3879842063354,
            0.4912214740374772,
            65.83921383031466,
            -2.5179198257202318,
            22.59642157143043
        ],
        "q10": [
            -6.827882268039965,
            -93.02778786252081,
            1.085198169723256,
            66.82412709062395,
            -2.2168461114406686,
            23.091730278333255
        ],
        "q50": [
            3.667634733142502,
            -3.2729887209605675,
            25.75879204793722,
            74.79186896324617,
            5.038149909170528,
            32.14656484313459
        ],
        "q90": [
            12.91961442355856,
            16.541884906439037,
            91.21964745941406,
            86.43860367747493,
            12.347175217258563,
            45.166629254935316
        ],
        "q99": [
            13.436676435094542,
            18.181322658227003,
            92.5239088873532,
            88.54494952435759,
            12.677760182088987,
            46.11269108077298
        ]
    },
    "timestamp": {
        "min": [
            0.0
        ],
        "max": [
            12.766666666666667
        ],
        "mean": [
            4.24638374258195
        ],
        "std": [
            2.588357585116475
        ],
        "count": [
            24883
        ],
        "q01": [
            0.06870710001548154
        ],
        "q10": [
            0.8352269144128159
        ],
        "q50": [
            4.2388860745621
        ],
        "q90": [
            7.6546181926883445
        ],
        "q99": [
            8.423802662397947
        ]
    },
    "observation.images.front": {
        "min": [
            [
                [
                    0.0
                ]
            ],
            [
                [
                    0.0
                ]
            ],
            [
                [
                    0.0
                ]
            ]
        ],
        "max": [
            [
                [
                    1.0
                ]
            ],
            [
                [
                    1.0
                ]
            ],
            [
                [
                    1.0
                ]
            ]
        ],
        "mean": [
            [
                [
                    0.6811757872927903
                ]
            ],
            [
                [
                    0.6787860925962462
                ]
            ],
            [
                [
                    0.671684594286837
                ]
            ]
        ],
        "std": [
            [
                [
                    0.01392327884006844
                ]
            ],
            [
                [
                    0.014112437862455245
                ]
            ],
            [
                [
                    0.013972000281271154
                ]
            ]
        ],
        "count": [
            9988
        ],
        "q01": [
            [
                [
                    0.07440682056880343
                ]
            ],
            [
                [
                    0.07012523902477419
                ]
            ],
            [
                [
                    0.0813630664919019
                ]
            ]
        ],
        "q10": [
            [
                [
                    0.21492660509136655
                ]
            ],
            [
                [
                    0.21620775039814755
                ]
            ],
            [
                [
                    0.23283460045735782
                ]
            ]
        ],
        "q50": [
            [
                [
                    0.7839702354055555
                ]
            ],
            [
                [
                    0.7820308168328074
                ]
            ],
            [
                [
                    0.7749086528394941
                ]
            ]
        ],
        "q90": [
            [
                [
                    0.8202746865229344
                ]
            ],
            [
                [
                    0.8200111717420779
                ]
            ],
            [
                [
                    0.8149519998866168
                ]
            ]
        ],
        "q99": [
            [
                [
                    0.895027727061559
                ]
            ],
            [
                [
                    0.8957652785521365
                ]
            ],
            [
                [
                    0.8908615911560436
                ]
            ]
        ]
    },
    "episode_index": {
        "min": [
            0
        ],
        "max": [
            99
        ],
        "mean": [
            47.49117871639271
        ],
        "std": [
            29.081087215483194
        ],
        "count": [
            24883
        ],
        "q01": [
            47.49117871639271
        ],
        "q10": [
            47.49117871639271
        ],
        "q50": [
            47.491178716392724
        ],
        "q90": [
            47.491178716392724
        ],
        "q99": [
            47.491178716392724
        ]
    },
    "action": {
        "min": [
            -24.368440628051758,
            -99.08333587646484,
            -33.90987777709961,
            48.995361328125,
            -19.698936462402344,
            19.97463607788086
        ],
        "max": [
            28.721336364746094,
            35.66666793823242,
            98.45243835449219,
            99.69087982177734,
            41.655853271484375,
            59.35320281982422
        ],
        "mean": [
            3.3994765478506945,
            -23.301922679364253,
            31.097209668267755,
            76.75097772240836,
            5.245289639051702,
            31.667210126552668
        ],
        "std": [
            9.131783234989836,
            41.33089293113824,
            36.485962182231354,
            8.988019597337267,
            8.930798291007203,
            11.119788583519185
        ],
        "count": [
            24883
        ],
        "q01": [
            -8.281945438609993,
            -94.20620064861446,
            -2.561502275716648,
            65.28394408888586,
            -2.64543186270888,
            20.504733031583108
        ],